epoch,time,train/box_loss,train/cls_loss,train/dfl_loss,metrics/precision(B),metrics/recall(B),metrics/mAP50(B),metrics/mAP50-95(B),val/box_loss,val/cls_loss,val/dfl_loss,lr/pg0,lr/pg1,lr/pg2,lr/pg3,lr/pg4,lr/pg5,lr/pg6,lr/pg7
1,29.1682,2.27101,3.70466,1.5598,0.00433,0.08228,0.00236,0.00046,1.83923,3.71013,1.47251,0.00024,8e-05,0.00024,8e-05,0.00024,8e-05,0.00024,8e-05
2,50.8797,2.20286,3.72631,1.50822,0.00467,0.08861,0.00255,0.00048,1.70711,3.70446,1.41339,0.000529308,0.000176436,0.000529308,0.000176436,0.000529308,0.000176436,0.000529308,0.000176436
3,66.2467,2.09412,3.67909,1.48061,0.00567,0.10759,0.00316,0.00062,1.57728,3.69168,1.35732,0.000806736,0.000268912,0.000806736,0.000268912,0.000806736,0.000268912,0.000806736,0.000268912
4,85.0934,1.97661,3.65809,1.43519,0.009,0.17089,0.00527,0.00121,1.35765,3.65874,1.2627,0.00107228,0.000357428,0.00107228,0.000357428,0.00107228,0.000357428,0.00107228,0.000357428
5,100.332,1.73862,3.58672,1.33897,0.014,0.26582,0.00895,0.00234,1.2203,3.632,1.19264,0.00132595,0.000441984,0.00132595,0.000441984,0.00132595,0.000441984,0.00132595,0.000441984
6,112.438,1.54908,3.55073,1.28794,0.01933,0.36709,0.0133,0.0037,1.15282,3.61396,1.15445,0.00156774,0.00052258,0.00156774,0.00052258,0.00156774,0.00052258,0.00156774,0.00052258
7,128.039,1.38246,3.49043,1.17828,0.02567,0.48734,0.01927,0.00643,1.07299,3.56829,1.09008,0.00179765,0.000599216,0.00179765,0.000599216,0.00179765,0.000599216,0.00179765,0.000599216
8,140.46,1.34728,3.44796,1.15423,0.03,0.56962,0.02412,0.00917,1.05296,3.53578,1.06522,0.00201568,0.000671892,0.00201568,0.000671892,0.00201568,0.000671892,0.00201568,0.000671892
9,152.576,1.3635,3.36453,1.11144,0.034,0.64557,0.03056,0.01438,1.02911,3.47034,1.03571,0.00222182,0.000740608,0.00222182,0.000740608,0.00222182,0.000740608,0.00222182,0.000740608
10,168.086,1.29946,3.29061,1.09795,0.044,0.83544,0.05304,0.03189,0.99858,3.30731,0.98079,0.00241609,0.000805364,0.00241609,0.000805364,0.00241609,0.000805364,0.00241609,0.000805364
11,180.737,1.18884,3.19684,1.0227,0.049,0.93038,0.06803,0.04414,0.98139,3.21678,0.95634,0.00259848,0.00086616,0.00259848,0.00086616,0.00259848,0.00086616,0.00259848,0.00086616
12,192.908,1.21265,3.0994,1.02212,0.05,0.94937,0.07993,0.05416,0.96074,3.14286,0.94264,0.00276899,0.000922996,0.00276899,0.000922996,0.00276899,0.000922996,0.00276899,0.000922996
13,205.199,1.1708,2.9747,0.99034,0.05133,0.97468,0.08719,0.06098,0.93311,3.0666,0.92943,0.00292762,0.000975872,0.00292762,0.000975872,0.00292762,0.000975872,0.00292762,0.000975872
14,214.397,1.0391,2.8015,0.95823,0.05133,0.97468,0.08719,0.06098,0.93311,3.0666,0.92943,0.00307436,0.00102479,0.00307436,0.00102479,0.00307436,0.00102479,0.00307436,0.00102479
15,226.34,1.05785,2.6787,0.98523,0.05233,0.99367,0.09355,0.06729,0.91884,2.97456,0.92199,0.00320923,0.00106974,0.00320923,0.00106974,0.00320923,0.00106974,0.00320923,0.00106974
16,238.494,1.08118,2.50704,0.95423,0.05233,0.99367,0.09556,0.06928,0.91312,2.84133,0.92185,0.00333222,0.00111074,0.00333222,0.00111074,0.00333222,0.00111074,0.00333222,0.00111074
17,250.912,1.10271,2.40159,0.99662,0.05233,0.99367,0.25017,0.18275,0.91095,2.62692,0.93024,0.00344333,0.00114778,0.00344333,0.00114778,0.00344333,0.00114778,0.00344333,0.00114778
18,259.956,1.05624,2.16335,0.94951,0.05233,0.99367,0.25017,0.18275,0.91095,2.62692,0.93024,0.00354256,0.00118085,0.00354256,0.00118085,0.00354256,0.00118085,0.00354256,0.00118085
19,272.215,1.08392,1.92664,0.94529,0.98018,0.42405,0.7887,0.59444,0.92719,2.28737,0.94882,0.0036299,0.00120997,0.0036299,0.00120997,0.0036299,0.00120997,0.0036299,0.00120997
20,284.365,1.03989,1.79187,0.95683,0.95827,0.72678,0.94578,0.69474,0.95587,1.72308,0.97861,0.00370537,0.00123512,0.00370537,0.00123512,0.00370537,0.00123512,0.00370537,0.00123512
21,293.505,1.1138,1.58128,0.99282,0.95827,0.72678,0.94578,0.69474,0.95587,1.72308,0.97861,0.003624,0.001208,0.003624,0.001208,0.003624,0.001208,0.003624,0.001208
22,305.911,1.03341,1.42393,0.94317,0.92235,0.90213,0.96342,0.71175,0.96077,1.10191,0.99501,0.0035052,0.0011684,0.0035052,0.0011684,0.0035052,0.0011684,0.0035052,0.0011684
23,318.266,1.00202,1.2404,0.95529,0.91787,0.91949,0.96725,0.71477,0.95066,0.79672,0.99646,0.0033864,0.0011288,0.0033864,0.0011288,0.0033864,0.0011288,0.0033864,0.0011288
24,327.542,1.03951,1.12087,0.9752,0.91787,0.91949,0.96725,0.71477,0.95066,0.79672,0.99646,0.0032676,0.0010892,0.0032676,0.0010892,0.0032676,0.0010892,0.0032676,0.0010892
25,339.899,1.01728,0.98774,0.96714,0.93006,0.92578,0.97139,0.71855,0.9316,0.82468,0.99235,0.0031488,0.0010496,0.0031488,0.0010496,0.0031488,0.0010496,0.0031488,0.0010496
26,348.867,0.99921,0.98239,0.95688,0.93006,0.92578,0.97139,0.71855,0.9316,0.82468,0.99235,0.00303,0.00101,0.00303,0.00101,0.00303,0.00101,0.00303,0.00101
27,361.045,1.02508,0.92914,0.96509,0.91265,0.94937,0.97497,0.72151,0.91287,0.98853,0.98502,0.0029112,0.0009704,0.0029112,0.0009704,0.0029112,0.0009704,0.0029112,0.0009704
28,373.362,1.0213,0.90128,0.9488,0.92625,0.96835,0.97923,0.73149,0.8955,1.16906,0.97536,0.0027924,0.0009308,0.0027924,0.0009308,0.0027924,0.0009308,0.0027924,0.0009308
29,382.516,0.99602,0.94948,0.99763,0.92625,0.96835,0.97923,0.73149,0.8955,1.16906,0.97536,0.0026736,0.0008912,0.0026736,0.0008912,0.0026736,0.0008912,0.0026736,0.0008912
30,394.91,0.98277,0.97279,0.95092,0.9273,0.96835,0.98185,0.73971,0.88962,1.27386,0.9718,0.0025548,0.0008516,0.0025548,0.0008516,0.0025548,0.0008516,0.0025548,0.0008516
31,407.485,0.98679,0.88612,0.95137,0.92784,0.97652,0.98405,0.73842,0.8865,1.28012,0.96786,0.002436,0.000812,0.002436,0.000812,0.002436,0.000812,0.002436,0.000812
32,416.54,0.97057,0.82682,0.92271,0.92784,0.97652,0.98405,0.73842,0.8865,1.28012,0.96786,0.0023172,0.0007724,0.0023172,0.0007724,0.0023172,0.0007724,0.0023172,0.0007724
33,428.894,0.96318,0.85479,0.93849,0.92833,0.98382,0.98573,0.73948,0.89141,1.21776,0.96672,0.0021984,0.0007328,0.0021984,0.0007328,0.0021984,0.0007328,0.0021984,0.0007328
34,438.009,0.96554,0.85735,0.92968,0.92833,0.98382,0.98573,0.73948,0.89141,1.21776,0.96672,0.0020796,0.0006932,0.0020796,0.0006932,0.0020796,0.0006932,0.0020796,0.0006932
35,450.388,0.93516,0.87003,0.9588,0.92801,0.97907,0.98695,0.74112,0.88926,1.10099,0.96396,0.0019608,0.0006536,0.0019608,0.0006536,0.0019608,0.0006536,0.0019608,0.0006536
36,463.029,0.96369,0.78604,0.93799,0.94023,0.97468,0.98851,0.74293,0.88598,0.96124,0.96119,0.001842,0.000614,0.001842,0.000614,0.001842,0.000614,0.001842,0.000614
37,471.969,0.93942,0.78183,0.93501,0.94023,0.97468,0.98851,0.74293,0.88598,0.96124,0.96119,0.0017232,0.0005744,0.0017232,0.0005744,0.0017232,0.0005744,0.0017232,0.0005744
38,484.368,0.96822,0.78354,0.92174,0.94576,0.97468,0.98964,0.74338,0.89688,0.88428,0.96284,0.0016044,0.0005348,0.0016044,0.0005348,0.0016044,0.0005348,0.0016044,0.0005348
39,496.886,0.93078,0.78381,0.92761,0.95751,0.97468,0.99034,0.74711,0.90091,0.8146,0.96064,0.0014856,0.0004952,0.0014856,0.0004952,0.0014856,0.0004952,0.0014856,0.0004952
40,506.037,0.98123,0.76894,0.92628,0.95751,0.97468,0.99034,0.74711,0.90091,0.8146,0.96064,0.0013668,0.0004556,0.0013668,0.0004556,0.0013668,0.0004556,0.0013668,0.0004556
41,517.966,0.93551,0.95058,0.98348,0.96259,0.97721,0.99096,0.7526,0.89909,0.76594,0.95811,0.001248,0.000416,0.001248,0.000416,0.001248,0.000416,0.001248,0.000416
42,526.614,0.93057,0.9278,0.94854,0.96259,0.97721,0.99096,0.7526,0.89909,0.76594,0.95811,0.0011292,0.0003764,0.0011292,0.0003764,0.0011292,0.0003764,0.0011292,0.0003764
43,538.636,0.94469,0.92635,0.97894,0.96269,0.97978,0.99052,0.74993,0.90139,0.76337,0.9582,0.0010104,0.0003368,0.0010104,0.0003368,0.0010104,0.0003368,0.0010104,0.0003368
44,550.782,0.94588,0.94685,0.94529,0.94538,0.98734,0.9896,0.74874,0.90046,0.76692,0.95771,0.0008916,0.0002972,0.0008916,0.0002972,0.0008916,0.0002972,0.0008916,0.0002972
45,559.527,0.90007,0.87045,0.9502,0.94538,0.98734,0.9896,0.74874,0.90046,0.76692,0.95771,0.0007728,0.0002576,0.0007728,0.0002576,0.0007728,0.0002576,0.0007728,0.0002576
46,571.565,0.90728,0.84427,0.9635,0.9452,0.98734,0.98939,0.74425,0.90109,0.76358,0.95799,0.000654,0.000218,0.000654,0.000218,0.000654,0.000218,0.000654,0.000218
47,583.682,0.90629,0.8352,0.9493,0.94526,0.98734,0.98898,0.74653,0.90231,0.76038,0.95803,0.0005352,0.0001784,0.0005352,0.0001784,0.0005352,0.0001784,0.0005352,0.0001784
48,592.404,0.93933,0.91538,0.98782,0.94526,0.98734,0.98898,0.74653,0.90231,0.76038,0.95803,0.0004164,0.0001388,0.0004164,0.0001388,0.0004164,0.0001388,0.0004164,0.0001388
49,604.339,0.89487,0.82294,0.93974,0.9441,0.98734,0.98887,0.74513,0.9024,0.76419,0.9582,0.0002976,9.92e-05,0.0002976,9.92e-05,0.0002976,9.92e-05,0.0002976,9.92e-05
50,613.172,0.89491,0.82304,0.96017,0.9441,0.98734,0.98887,0.74513,0.9024,0.76419,0.9582,0.0001788,5.96e-05,0.0001788,5.96e-05,0.0001788,5.96e-05,0.0001788,5.96e-05
